{"branches": 51.11111111111111, "coverage": 83.61173814898419}