{"branches": 51.515151515151516, "coverage": 82.08217485325919}