{"branches": 48.57142857142857, "coverage": 80.78030060761114}